City,State,Country,2021 Pop. Estimate,Pop. Growth (%),Brewery ID,Brewery Name,Brewery Type,# Breweries in City,Beer Style,Beer ID,Beer Name,ABV (%),Ounces,Avg Meal Inexp. Restaurant,Avg Meal (For 2) Mid-Range Restaurant ,Domestic Beer (Restaurant),Imported Beer (Restaurant),Coke/Pepsi (Restaurant),Water (Restaurant),Milk,Bread (Loaf),Rice,Dozen Eggs,Cheese (Local),Chicken Fillets,Beef Round,Apples,Banana,Oranges,Tomato,Potato,Onion,Lettuce,Water Bottle,Wine Bottle,Domestic Beer (Bottle),Imported Beer (Bottle),One-Way Ticket (Local),Monthly Pass (Local),Taxi (Start),Taxi 1km,Taxi 1-hr Wait,Gasoline (per Liter),Basic Utilities,Internet,1bd Apt. (City Center),1bd Apt. (Outside Center),3bd Apt. (City Center),3bd Apt. (Outside Center),Avg. Monthly Income (After Tax),Base Pop. Estimate,2020 Pop. Estimate,website
Denton,Texas,United States,148146,4.0,426,Armadillo Ale Works,micro,10.0,American Double / Imperial Stout,1333,Quakertown Stout,9.2,12.0,12.75,45.0,3.5,5.0,1.85,1.29,0.76,2.72,4.3,2.49,8.27,16.52,13.21,5.7,2.11,5.68,4.43,2.46,1.95,1.1,1.88,12.0,3.5,3.83,,,2.3,1.12,20.0,1.13,162.23,60.43,960.0,900.0,1475.0,1875.0,3039.0,141123,142302,http://www.armadilloaleworks.com
Conroe,Texas,United States,94400,4.0,118,Southern Star Brewing Company,micro,3.0,American Pale Ale (APA),2387,Pine Belt Pale Ale,6.5,12.0,16.5,45.0,4.0,4.0,1.5,1.35,0.975,3.28,3.86,3.895,8.99,8.33,11.645,4.015000000000001,1.625,3.965,3.615,2.56,2.58,1.37,1.62,12.995,,5.75,0.0,0.0,4.0,1.37,10.0,1.055,266.46000000000004,108.96,1271.25,900.0,2300.0,2000.0,3571.0,89148,90358,http://www.southernstarbrewing.com
Bozeman,Montana,United States,54539,3.0,219,Bozeman Brewing Company,micro,10.0,American Porter,2107,Plum St. Porter,6.0,12.0,22.0,80.0,5.0,6.5,2.35,1.67,0.83,1.95,5.06,1.99,9.91,17.64,11.02,4.29,1.91,3.89,3.41,1.64,1.82,2.06,1.29,16.0,3.1,3.83,0.0,0.0,,,,1.12,138.54,71.245,1837.57,1550.0,2950.0,2650.0,4361.11,52855,53119,http://www.bozemanbrewing.com
Bend,Oregon,United States,102059,3.0,454,Deschutes Brewery,regional,30.0,American Pale Ale (APA),1210,Mirror Pond Pale Ale,5.0,12.0,27.5,90.0,6.0,6.0,2.5,1.84,0.94,5.02,8.1,4.83,15.79,19.84,21.3,4.67,1.61,5.29,8.88,2.93,2.97,2.16,2.7,17.0,4.29,3.33,2.5,30.0,1.0,1.86,20.0,1.4,173.47,81.28,2300.0,1850.0,3375.0,2760.0,3163.0,99126,99533,http://www.deschutesbrewery.com
Bend,Oregon,United States,102059,3.0,408,10 Barrel Brewing Company,large,30.0,American Pale Lager,1436,Pub Beer,5.0,12.0,27.5,90.0,6.0,6.0,2.5,1.84,0.94,5.02,8.1,4.83,15.79,19.84,21.3,4.67,1.61,5.29,8.88,2.93,2.97,2.16,2.7,17.0,4.29,3.33,2.5,30.0,1.0,1.86,20.0,1.4,173.47,81.28,2300.0,1850.0,3375.0,2760.0,3163.0,99126,99533,http://www.10barrel.com
Bend,Oregon,United States,102059,3.0,199,Worthy Brewing Company,micro,30.0,American IPA,2194,Worthy IPA,6.9,12.0,27.5,90.0,6.0,6.0,2.5,1.84,0.94,5.02,8.1,4.83,15.79,19.84,21.3,4.67,1.61,5.29,8.88,2.93,2.97,2.16,2.7,17.0,4.29,3.33,2.5,30.0,1.0,1.86,20.0,1.4,173.47,81.28,2300.0,1850.0,3375.0,2760.0,3163.0,99126,99533,http://www.worthybrewing.com
Lake Havasu City,Arizona,United States,58284,2.0,232,College Street Brewhouse and Pub,micro,3.0,Fruit / Vegetable Beer,2061,Big Blue Van,5.79999999999999,16.0,50.0,57.5,4.75,6.0,2.0,1.75,0.97,2.97,3.95,3.49,7.69,6.59,13.21,5.71,1.43,3.28,2.18,1.96,2.18,1.59,1.29,,,,,,8.0,3.11,,1.24,206.67,104.67,900.0,,1600.0,,4541.17,57204,57415,
Frederick,Maryland,United States,79588,2.0,521,Flying Dog Brewery,regional,24.0,American IPA,608,Snake Dog IPA,7.1,12.0,20.0,80.0,6.0,5.5,2.0,1.75,0.66,2.76,4.41,3.15,14.32,6.17,8.82,8.08,2.67,4.29,4.76,3.19,3.2,2.0,1.5,12.5,3.14,3.65,1.5,35.0,1.0,1.34,30.0,1.24,300.0,80.5,1600.0,1400.0,2800.0,2000.0,4232.0,78062,78215,http://www.flyingdogbrewery.com
Tempe,Arizona,United States,184118,2.0,160,Four Peaks Brewing Company,large,9.0,Kölsch,2309,Sunbru Kölsch,5.2,12.0,13.0,70.0,6.0,6.0,2.0,1.67,0.85,3.15,3.08,2.99,11.68,10.22,12.11,3.68,1.28,2.18,2.92,1.42,1.9,1.49,1.96,11.99,2.71,1.6,2.0,64.0,3.0,1.46,10.0,1.29,209.47,77.98500000000001,1725.0,1762.5,2066.67,2216.67,4241.33,179765,180823,http://www.fourpeaks.com
Lake Havasu City,Arizona,United States,58284,2.0,507,Mudshark Brewing Company,micro,3.0,Witbier,768,Full Moon Belgian White Ale,8.5,12.0,50.0,57.5,4.75,6.0,2.0,1.75,0.97,2.97,3.95,3.49,7.69,6.59,13.21,5.71,1.43,3.28,2.18,1.96,2.18,1.59,1.29,,,,,,8.0,3.11,,1.24,206.67,104.67,900.0,,1600.0,,4541.17,57204,57415,http://www.mudsharkbrewingco.com
Greenville,South Carolina,United States,72095,2.0,246,Quest Brewing Company,micro,17.0,Belgian Pale Ale,2031,Golden Fleece,4.5,12.0,20.0,60.0,4.0,6.0,1.9,1.535,0.84,2.77,3.16,3.06,11.9,16.03,17.96,4.56,1.19,5.53,4.1,5.69,4.2,1.64,2.19,12.75,2.92,3.5,0.0,0.0,3.5,0.93,25.0,1.03,166.81,75.12,1800.0,922.2,2170.0,1550.0,4675.0,70633,70899,http://www.questbrewing.com
Fort Worth,Texas,United States,935508,1.0,161,Martin House Brewing Company,micro,12.0,Saison / Farmhouse Ale,2308,River House,5.0,16.0,13.0,60.0,4.25,6.75,2.07,1.605,1.02,3.29,6.885,3.19,10.29,12.56,15.65,6.875,1.69,4.93,3.88,4.165,2.39,2.115,1.84,15.0,2.45,2.33,2.5,95.22,2.25,1.96,18.0,1.1,212.5,80.62,1387.5,1045.0,3025.0,1966.67,4479.5,918377,922592,http://www.martinhousebrewing.com
Marietta,Georgia,United States,61497,1.0,475,Red Hare Brewing Company,micro,8.0,American Brown Ale,1021,Watership Brown Ale,7.199999999999999,12.0,15.0,70.0,6.0,6.97,2.5,1.72,0.88,2.67,4.4,2.86,12.385,9.92,13.32,4.83,1.585,4.62,4.02,3.09,2.41,1.64,2.27,11.0,3.94,3.61,2.5,69.0,2.62,1.46,24.0,1.01,213.22,65.71,1200.0,,,2500.0,5680.56,60969,60940,http://www.redharebrewing.com
College Station,Texas,United States,120019,1.0,241,New Republic Brewing Company,micro,3.0,Dunkelweizen,2043,Skylight,5.59999999999999,12.0,15.0,50.0,3.75,6.375,2.16,1.845,0.81,2.37,2.5700000000000003,2.07,11.44,11.46,10.2,3.97,1.1150000000000002,3.75,2.19,2.085,2.3550000000000004,1.715,1.66,17.0,2.7,3.29,1.0,42.5,5.0,1.09,40.0,1.17,173.495,63.05,1050.0,916.67,2533.33,1533.75,2387.0,118180,118441,http://www.nrb.beer
Fargo,North Dakota,United States,126748,1.0,335,Fargo Brewing Company,micro,8.0,American Pale Ale (APA),1722,Iron Horse Pale Ale,5.0,12.0,12.0,60.0,5.0,5.25,2.89,1.58,1.17,3.92,6.25,2.73,11.29,13.96,15.98,6.52,2.63,5.92,4.24,4.18,3.36,1.95,2.88,13.5,3.65,4.62,1.5,42.0,4.5,1.42,30.0,1.18,154.44,65.5,1112.5,783.12,1666.67,1265.0,3219.0,125830,125853,http://www.fargobrewing.com
Rogers,Arkansas,United States,71112,1.0,259,Ozark Beer Company,micro,6.0,American Pale Ale (APA),1961,Ozark American Pale Ale,4.0,12.0,10.0,47.5,5.0,6.0,2.33,1.65,0.97,2.63,3.67,1.44,8.99,9.04,14.28,3.48,0.93,3.05,4.02,1.32,1.9,1.55,1.37,10.0,2.86,3.08,,,3.0,1.24,30.0,0.86,125.35,77.88,875.0,650.0,1300.0,1150.0,3814.0,69753,70123,http://www.ozarkbeercompany.com
Temecula,California,United States,110846,1.0,112,Black Market Brewing Company,brewpub,7.0,American Blonde Ale,2412,Deception,4.5,12.0,19.99,50.0,6.5,8.0,2.9,1.61,1.06,3.03,6.53,3.5,9.77,22.59,11.02,4.59,2.28,5.43,4.39,5.27,3.04,1.99,1.99,10.0,1.25,3.0,,,2.5,1.86,35.0,1.76,200.0,87.71,2266.67,2050.0,3962.5,3500.0,7388.89,110130,110086,
Chandler,Arizona,United States,279458,1.0,30,SanTan Brewing Company,planning,23.0,American Porter,2599,Sex Panther,6.9,12.0,15.0,55.0,5.0,5.88,2.0,1.25,0.75,2.94,3.795,3.04,8.44,8.22,12.5,3.4,1.4,3.86,3.83,2.54,2.17,1.33,1.395,9.0,2.86,3.5,2.0,121.74,2.75,1.37,30.0,1.11,178.61,69.815,3080.33,1732.915,3880.25,2966.67,3817.94,276330,277556,
Bellingham,Washington,United States,92289,1.0,353,Aslan Brewing Company,micro,15.0,Kölsch,1640,Aslan Kölsch,4.8,16.0,15.0,53.5,5.5,4.85,2.6,1.71,1.45,3.31,8.0,4.25,15.93,18.52,11.02,5.38,1.76,3.74,4.76,3.15,3.52,1.64,1.65,11.0,1.43,2.08,1.5,28.0,2.75,3.11,29.0,1.3,194.78,74.38,1325.0,650.0,2766.67,2433.33,3388.8,91231,91570,http://aslanbrewing.com
Huntsville,Alabama,United States,216963,1.0,412,Straight to Ale,micro,9.0,Kölsch,1410,Sand Island Lighthouse,5.1,12.0,15.5,50.0,5.0,5.5,2.45,1.115,0.96,2.76,3.86,3.11,13.05,11.45,13.62,6.53,1.58,3.08,4.38,2.67,2.675,1.655,1.55,12.0,3.45,2.85,1.0,115.0,3.5,1.24,30.0,1.05,169.21,69.67,1333.33,1087.5,1716.67,1650.0,5244.93,214372,215043,http://www.straighttoale.com
Tampa,Florida,United States,387050,1.0,308,Brew Bus Brewing,brewpub,19.0,Fruit / Vegetable Beer,1802,"You're My Boy, Blue",5.0,12.0,21.0,60.0,6.0,7.0,2.12,1.57,1.09,3.48,3.705,3.29,13.62,11.24,14.3,4.58,1.6,3.8,4.18,3.06,2.75,2.18,2.22,10.0,1.64,4.22,2.0,66.0,3.62,2.49,42.75,1.16,165.14,63.19,1995.95,1604.86,3450.915,2472.0,5307.925,382769,383980,http://www.brewbususa.com
Tampa,Florida,United States,387050,1.0,141,Cigar City Brewing Company,regional,19.0,Bock,2349,Cubano Espresso,5.5,12.0,21.0,60.0,6.0,7.0,2.12,1.57,1.09,3.48,3.705,3.29,13.62,11.24,14.3,4.58,1.6,3.8,4.18,3.06,2.75,2.18,2.22,10.0,1.64,4.22,2.0,66.0,3.62,2.49,42.75,1.16,165.14,63.19,1995.95,1604.86,3450.915,2472.0,5307.925,382769,383980,http://www.cigarcitybrewing.com
Oklahoma City,Oklahoma,United States,687725,1.0,182,COOP Ale Works,micro,14.0,American Porter,2252,Gran Sport,5.2,16.0,10.495,47.5,3.0,6.0,2.19,1.475,0.91,2.515,3.55,4.73,9.29,11.74,15.37,5.17,1.65,4.31,4.43,3.05,2.08,1.54,2.37,11.2,3.06,2.6,2.25,50.0,5.0,1.24,50.0,1.0550000000000002,227.94,75.08500000000001,1281.25,979.165,2476.665,1212.5,3305.44,681387,682760,http://www.coopaleworks.com
Oklahoma City,Oklahoma,United States,687725,1.0,193,Anthem Brewing Company,micro,14.0,Belgian Pale Ale,2207,Golden One,6.800000000000001,12.0,10.495,47.5,3.0,6.0,2.19,1.475,0.91,2.515,3.55,4.73,9.29,11.74,15.37,5.17,1.65,4.31,4.43,3.05,2.08,1.54,2.37,11.2,3.06,2.6,2.25,50.0,5.0,1.24,50.0,1.0550000000000002,227.94,75.08500000000001,1281.25,979.165,2476.665,1212.5,3305.44,681387,682760,http://www.anthembrewing.com
Missoula,Montana,United States,74822,1.0,336,Big Sky Brewing Company,regional,10.0,American IPA,1714,Big Sky IPA,6.2,12.0,20.0,70.0,4.75,5.0,2.02,1.71,1.02,2.95,4.12,3.25,16.17,11.01,17.01,5.1,1.58,3.93,5.38,1.92,2.08,1.99,1.86,11.0,2.75,2.69,0.0,0.0,2.0,1.46,50.0,1.44,145.61,65.83,1114.125,925.0,2480.58,2475.0,2737.0,73746,73949,http://www.bigskybrew.com
Greeley,Colorado,United States,109323,-0.0,515,Crabtree Brewing Company,micro,7.0,American Blonde Ale,716,Trigger Blonde Ale,4.8,16.0,12.99,73.75,4.99,7.0,2.5700000000000003,2.02,0.87,3.49,2.45,3.17,12.78,13.23,15.76,6.06,1.57,4.65,4.96,3.49,2.785,1.59,2.0,15.0,2.765,3.3899999999999997,3.5,45.0,3.0,1.4,26.25,1.0,156.31,60.44,897.5,1025.0,1200.0,1250.0,2802.0,108935,109388,http://www.crabtreebrewing.com
Stamford,Connecticut,United States,136309,0.0,248,Half Full Brewery,micro,2.0,American IPA,2026,Pursuit,7.000000000000001,12.0,22.0,90.0,6.0,8.0,2.25,2.09,1.01,3.67,8.08,3.0,16.53,22.05,13.81,5.47,2.27,4.48,6.09,4.59,5.92,2.28,2.87,12.37,5.71,2.75,2.25,63.0,3.25,1.4,20.0,1.28,144.72,64.0,2533.33,1650.0,3850.0,,5547.6,135445,135685,http://www.halffullbrewery.com
Pawtucket,Rhode Island,United States,75387,-0.0,279,Foolproof Brewing Company,micro,5.0,Saison / Farmhouse Ale,1899,La Ferme Urbaine Farmhouse Ale,7.8,12.0,12.0,75.0,4.0,3.0,1.5,1.0,,3.86,3.53,,13.21,,,,1.52,,,,,,,25.0,,,,,,,,,140.0,86.0,1000.0,,,1400.0,2819.0,75842,75721,http://www.foolproofbrewing.com
Savannah,Georgia,United States,147088,-0.0,415,Coastal Empire Beer Company,micro,6.0,American Blonde Ale,1407,Tybee Island Blonde,4.7,12.0,16.5,60.0,6.0,6.5,3.25,1.88,0.86,2.47,3.62,2.34,13.260000000000002,9.35,14.31,4.18,1.71,3.45,4.07,2.8,2.39,1.82,2.5,10.0,2.09,3.67,5.0,40.0,2.5,1.17,40.0,1.03,150.4,87.71,1820.0,1100.0,3116.67,1875.0,4341.67,148095,147701,http://www.coastalempirebeer.com
Columbus,Ohio,United States,906528,0.0,105,Four String Brewing Company,micro,39.0,American Porter,2428,Four String Vanilla Porter,6.0,12.0,15.0,63.75,5.0,6.0,2.135,1.5750000000000002,0.81,2.32,3.215,2.395,10.54,11.87,15.62,5.375,1.69,3.435,3.69,2.73,2.5599999999999996,1.535,1.605,12.0,2.88,3.135,2.075,62.0,3.5,1.84,23.125,1.13,193.98,59.95,1334.72,1021.11,2508.045,1699.925,4413.745000000001,905672,905860,http://www.fourstringbrewing.com
Columbus,Ohio,United States,906528,0.0,183,Seventh Son Brewing Company,micro,39.0,American Strong Ale,2250,Seventh Son of a Seventh Son,7.7,16.0,15.0,63.75,5.0,6.0,2.135,1.5750000000000002,0.81,2.32,3.215,2.395,10.54,11.87,15.62,5.375,1.69,3.435,3.69,2.73,2.5599999999999996,1.535,1.605,12.0,2.88,3.135,2.075,62.0,3.5,1.84,23.125,1.13,193.98,59.95,1334.72,1021.11,2508.045,1699.925,4413.745000000001,905672,905860,http://www.seventhsonbrewing.com
Durham,North Carolina,United States,285527,0.0,347,Fullsteam Brewery,micro,9.0,American Pale Ale (APA),1658,Cack-A-Lacky,5.0,12.0,15.0,64.375,3.625,7.0,2.06,1.27,0.88,3.03,4.16,2.14,14.1,13.78,16.16,4.56,1.19,3.62,5.61,2.27,2.92,2.01,1.91,14.0,2.62,2.12,2.0,36.0,3.6,1.4,15.0,1.13,135.87,65.0,1550.0,1366.67,2379.75,1833.33,6100.0,283547,284400,http://www.fullsteam.ag
Cincinnati,Ohio,United States,308935,-0.0,93,Rhinegeist Brewery,regional,34.0,American Amber / Red Ale,2452,Hustle,5.7,12.0,15.0,60.0,4.625,6.0,2.08,1.625,0.79,2.505,3.38,2.695,12.005,12.3,13.76,4.205,1.475,3.8,4.02,2.28,2.395,1.54,1.865,12.99,2.7649999999999997,2.715,2.0,77.5,4.38,1.24,25.0,1.165,128.29,57.715,1473.33,1083.33,2925.0,1485.0,3621.99,310242,310113,http://www.rhinegeist.com
Eau Claire,Wisconsin,United States,69441,0.0,406,Lazy Monk Brewing,micro,3.0,Czech Pilsener,1445,Lazy Monk Bohemian Pilsner,5.0,16.0,13.5,52.5,3.0,4.25,1.5,1.73,0.88,2.94,4.26,3.96,11.63,13.77,14.31,6.74,2.33,5.49,4.56,3.81,2.12,1.69,1.4,10.0,2.14,4.12,,47.5,8.5,3.11,,1.21,173.97,73.5,800.0,650.0,1500.0,950.0,2758.0,69291,69313,http://www.lazymonkbrewing.com
Richmond,Virginia,United States,226604,-0.0,343,Hardywood Park Craft Brewery,micro,37.0,American IPA,1677,The Great Return,7.5,16.0,25.0,57.5,6.5,8.0,2.15,2.025,0.92,2.52,3.32,2.2,11.16,8.03,12.95,4.33,1.16,3.98,4.11,2.3949999999999996,2.31,1.49,1.93,9.24,1.42,2.39,1.88,43.5,3.0,1.55,22.5,1.15,153.72,72.31,1506.5,1282.5,2088.89,1820.0,5760.89,226610,226670,http://www.hardywood.com
Chico,California,United States,102338,0.0,83,Sierra Nevada Brewing Company,regional,6.0,German Pilsener,2474,Nooner,5.2,12.0,15.0,67.5,5.0,6.5,2.76,1.56,1.16,3.09,2.56,3.47,12.6,9.57,17.81,3.91,1.47,3.14,2.88,2.56,1.97,1.49,1.89,10.5,2.54,2.49,2.38,43.5,3.75,2.87,10.0,1.65,265.22,58.57,1275.0,1525.0,2375.0,2075.0,3616.67,102849,102177,http://www.sierranevada.com
Tacoma,Washington,United States,219205,-0.0,509,Wingman Brewers,micro,20.0,American IPA,762,Ace IPA,7.4,16.0,22.5,80.0,5.0,5.875,1.97,1.675,0.98,2.6,5.44,2.44,13.56,13.39,16.66,4.62,1.69,4.44,5.03,2.24,2.42,2.26,1.82,15.0,3.18,3.04,2.38,57.5,3.5,1.55,60.0,1.34,186.8,63.12,1775.0,1420.0,2933.33,2550.0,5591.94,219025,219383,http://www.wingmanbrewers.com
Dayton,Ohio,United States,137571,-0.0,94,Warped Wing Brewing Company,micro,13.0,American IPA,2450,Self Starter,5.2,16.0,8.0,54.0,3.25,6.0,2.25,1.27,0.83,2.68,2.72,1.84,6.06,12.87,8.7,4.1,1.35,3.86,4.5,3.15,2.29,1.13,1.35,15.0,3.57,3.95,2.0,55.0,2.0,1.43,30.0,1.09,131.325,67.21,1096.25,766.67,1500.0,1225.0,3333.33,138310,138060,http://www.warpedwing.com
Bloomington,Indiana,United States,79968,0.0,202,Upland Brewing Company,micro,10.0,American IPA,2190,Campside Session IPA,4.5,16.0,15.0,60.0,4.625,4.75,2.08,1.625,0.77,2.33,3.38,2.15,12.005,11.41,11.5,4.205,1.43,2.91,3.88,2.09,1.73,1.54,1.47,12.99,1.43,2.0,1.0,30.0,4.0,1.24,14.4,1.165,128.29,57.715,1100.0,883.33,1833.33,1666.33,2209.0,79912,79801,
Salt Lake City,Utah,United States,200478,0.0,302,Utah Brewers Cooperative,regional,23.0,American Pale Ale (APA),1826,Squatters Full Suspension Pale Ale,4.0,12.0,17.0,67.5,5.625,7.0,2.22,1.9,0.94,3.3099999999999996,3.05,3.15,11.78,9.47,13.14,3.795,1.33,3.165,2.99,1.5750000000000002,2.115,1.81,2.065,15.0,2.3,2.635,2.5,85.0,2.88,1.55,35.62,1.275,119.86,59.75,1614.0549999999998,1303.4,2774.8950000000004,2128.615,4396.98,198746,199587,http://www.wasatchbeers.com
Salt Lake City,Utah,United States,200478,0.0,159,Uinta Brewing Company,regional,23.0,Pumpkin Ale,2310,PUNK'N,5.0,12.0,17.0,67.5,5.625,7.0,2.22,1.9,0.94,3.3099999999999996,3.05,3.15,11.78,9.47,13.14,3.795,1.33,3.165,2.99,1.5750000000000002,2.115,1.81,2.065,15.0,2.3,2.635,2.5,85.0,2.88,1.55,35.62,1.275,119.86,59.75,1614.0549999999998,1303.4,2774.8950000000004,2128.615,4396.98,198746,199587,http://www.uintabrewing.com
Manhattan,Kansas,United States,54763,0.0,45,Tallgrass Brewing Company,regional,4.0,Tripel,2575,Wooden Rooster,8.5,16.9,12.0,45.0,3.5,5.5,1.92,1.25,0.81,2.05,3.58,2.17,7.72,6.58,12.17,3.79,1.08,2.87,3.9,1.06,1.85,1.42,1.1,15.0,2.5,2.53,2.75,30.0,2.0,0.93,42.5,1.1,155.19,56.25,800.0,950.0,,,5166.67,54507,54544,http://www.tallgrassbeer.com
Gainesville,Florida,United States,140398,0.0,447,Swamp Head Brewery,micro,8.0,American IPA,1242,Big Nose,7.3,12.0,17.5,60.0,4.5,5.0,1.62,1.765,1.22,3.8,5.04,3.85,12.5,11.16,23.69,5.2,1.77,4.67,4.32,2.55,2.78,2.09,1.97,9.99,2.16,3.92,2.0,35.0,3.5,1.74,,1.16,187.84,84.57,1223.17,900.0,2216.67,1866.67,2454.0,139835,139929,http://www.swamphead.com
Sacramento,California,United States,525041,0.0,397,Ruhstaller Beer Company,micro,24.0,American Amber / Red Ale,1479,1881 California Red,5.59999999999999,12.0,18.0,63.5,6.0,7.25,2.41,1.565,1.24,4.41,5.68,4.04,14.01,17.17,19.1,5.45,2.27,3.975,5.835,4.005,3.23,2.58,2.72,12.0,1.92,2.06,2.75,100.0,4.5,1.86,24.5,1.57,262.265,71.78,1840.0,1700.0,3100.0,2500.0,4703.11,522754,523416,http://www.ruhstallerbeer.com
Green Bay,Wisconsin,United States,107015,-0.0,349,Hinterland Brewery,micro,8.0,American White IPA,1652,White Cap White IPA,4.2,16.0,12.0,60.0,3.0,4.5,1.93,1.19,0.83,1.9,4.41,2.84,9.31,8.82,15.43,3.2,1.06,2.09,2.34,2.59,0.88,1.34,2.33,9.0,2.39,3.09,2.0,39.0,1.5,1.62,49.5,1.07,117.83,63.8,1133.33,1000.0,2233.33,1916.67,2785.0,107300,107114,http://www.hinterlandbeer.com
Eugene,Oregon,United States,175096,0.0,150,Oakshire Brewing,micro,15.0,American IPA,2331,Watershed IPA,6.7,12.0,15.0,70.0,6.0,6.0,2.3,2.05,1.0,3.55,5.04,2.82,13.06,14.82,15.43,3.99,1.92,4.43,6.0,3.49,2.775,1.965,1.29,14.5,3.47,3.68,1.75,35.0,5.25,1.48,30.0,1.28,187.2,62.415,1455.0,1037.5,2160.0,2050.0,3050.0,174753,174802,http://www.oakbrew.com
Raleigh,North Carolina,United States,469124,0.0,149,Lonerider Brewing Company,regional,23.0,American Porter,2332,Deadeye Jack,6.0,12.0,15.0,62.5,5.125,6.5,2.2,1.7,0.93,3.43,4.33,3.22,8.93,9.32,15.49,4.75,1.44,5.08,3.97,2.41,2.14,1.54,2.07,14.0,2.18,2.33,1.62,20.0,3.0,1.86,20.0,1.13,179.44,65.265,1643.8449999999998,1251.39,3165.575,2385.0299999999997,4953.0,467592,467425,http://www.loneriderbeer.com
Charleston,South Carolina,United States,151612,0.0,5,COAST Brewing Company,micro,25.0,American Double / Imperial Stout,2657,Blackbeard,9.3,12.0,21.0,70.0,5.125,6.0,2.15,1.95,0.84,2.89,3.96,3.63,9.59,17.64,18.74,5.11,1.67,6.93,4.7,3.56,3.55,2.5,2.33,14.0,1.95,2.15,2.0,57.0,6.0,3.11,,1.01,237.34,64.62,1900.0,1566.67,3666.67,2500.0,4122.22,150522,150903,http://www.coastbrewing.com
Lancaster,Pennsylvania,United States,57503,-0.0,545,Lancaster Brewing Company,micro,11.0,Maibock / Helles Bock,392,Rumspringa Golden Bock,6.6000000000000005,12.0,28.5,60.0,5.5,6.5,2.025,1.78,1.17,2.4,3.89,2.895,12.29,9.17,14.8,4.25,1.45,4.26,5.67,2.98,2.2,1.66,2.12,15.5,3.75,4.56,2.0,51.0,6.0,1.86,40.0,1.3,180.24,73.89,1130.0,1050.0,2021.25,1712.5,4003.295,57842,57712,http://www.lancasterbrewing.com
Albuquerque,New Mexico,United States,562599,-0.0,265,Tractor Brewing Company,micro,33.0,American IPA,1938,Almanac IPA,6.2,12.0,15.0,65.0,5.0,5.0,1.915,1.455,0.99,3.1,3.42,3.65,10.88,9.9,15.97,4.29,1.355,3.79,3.43,2.325,1.88,1.72,2.0,11.75,3.21,3.2,1.0,30.0,2.73,3.0,32.0,1.12,126.735,72.59,1337.9699999999998,1097.915,2332.145,1944.415,5317.78,564563,564648,http://www.getplowed.com
Albuquerque,New Mexico,United States,562599,-0.0,332,La Cumbre Brewing Company,micro,33.0,Hefeweizen,1741,A Slice of Hefen,5.4,16.0,15.0,65.0,5.0,5.0,1.915,1.455,0.99,3.1,3.42,3.65,10.88,9.9,15.97,4.29,1.355,3.79,3.43,2.325,1.88,1.72,2.0,11.75,3.21,3.2,1.0,30.0,2.73,3.0,32.0,1.12,126.735,72.59,1337.9699999999998,1097.915,2332.145,1944.415,5317.78,564563,564648,http://www.lacumbrebrewing.com
Springfield,Oregon,United States,62256,-0.0,198,Hop Valley Brewing Company,large,15.0,American Blonde Ale,2195,Double D Blonde,4.9,12.0,10.0,47.5,5.0,6.0,2.67,1.65,0.99,2.63,3.67,2.98,8.99,9.04,10.82,3.48,1.43,3.05,2.19,1.83,1.9,1.55,1.37,10.0,3.23,3.08,1.25,70.0,3.0,1.24,30.0,1.15,193.09,77.88,716.67,700.0,1366.67,1166.67,2833.33,62360,62295,
Cincinnati,Ohio,United States,308935,-0.0,99,Christian Moerlein Brewing Company,regional,34.0,American Double / Imperial IPA,2440,Bay of Bengal Double IPA (2014),8.9,12.0,15.0,60.0,4.625,6.0,2.08,1.625,0.79,2.505,3.38,2.695,12.005,12.3,13.76,4.205,1.475,3.8,4.02,2.28,2.395,1.54,1.865,12.99,2.7649999999999997,2.715,2.0,77.5,4.38,1.24,25.0,1.165,128.29,57.715,1473.33,1083.33,2925.0,1485.0,3621.99,310242,310113,http://www.christianmoerlein.com
Worcester,Massachusetts,United States,205918,-0.0,339,Wormtown Brewery,micro,4.0,American IPA,1697,Be Hoppy IPA,6.5,16.0,30.5,67.5,5.0,6.0,2.33,1.9,1.06,3.3,3.6,3.59,11.8,,13.23,3.81,1.3,5.7,5.05,1.93,2.76,1.76,1.02,12.0,1.79,2.5,,57.0,3.0,1.55,28.0,1.16,233.15,64.5,1375.0,1216.67,1950.0,1775.0,3089.0,206601,206242,http://www.wormtownbrewery.com
Yakima,Washington,United States,96578,-0.0,483,Bale Breaker Brewing Company,regional,11.0,American IPA,966,Topcutter India Pale Ale,6.800000000000001,12.0,15.0,65.0,5.0,6.25,1.6,1.77,0.78,2.0,3.245,2.93,7.72,13.29,14.88,2.93,1.64,3.04,4.36,1.16,1.38,1.5,1.825,15.0,1.84,3.69,,25.0,5.0,1.15,9.0,1.32,101.21,62.0,800.0,900.0,1250.0,,2604.0,96873,96890,http://www.balebreaker.com
Austin,Texas,United States,964177,0.0,184,Oasis Texas Brewing Company,micro,50.0,Baltic Porter,2247,Lake Monster,8.19999999999999,16.0,17.5,70.5,6.0,8.0,2.375,1.805,1.07,2.75,3.16,3.59,13.8,11.745,14.21,4.7,1.495,4.01,2.96,2.56,2.3,1.64,2.12,15.0,3.08,3.34,1.38,42.0,2.5,1.55,29.49,1.04,154.215,65.18,2165.9300000000003,1529.09,3993.345,2555.94,5578.665,959549,963121,http://www.otxbc.com
Asheville,North Carolina,United States,94067,-0.0,528,Asheville Brewing Company,brewpub,27.0,Kölsch,550,Rocket Girl,3.2,12.0,15.0,65.0,4.75,6.0,1.83,1.6150000000000002,0.94,3.67,4.73,4.16,14.565,13.51,18.05,6.195,2.01,5.46,5.574999999999999,3.65,3.59,2.355,2.08,12.0,3.54,3.735,1.0,20.0,5.75,2.17,31.38,1.18,252.8,69.37,2700.0,1587.25,5000.0,3133.33,3480.0,94539,94406,http://www.ashevillepizza.com
Austin,Texas,United States,964177,0.0,413,Austin Beerworks,regional,50.0,American Black Ale,1409,Heavy Machinery IPA Series #1: Heavy Fist,7.000000000000001,16.0,17.5,70.5,6.0,8.0,2.375,1.805,1.07,2.75,3.16,3.59,13.8,11.745,14.21,4.7,1.495,4.01,2.96,2.56,2.3,1.64,2.12,15.0,3.08,3.34,1.38,42.0,2.5,1.55,29.49,1.04,154.215,65.18,2165.9300000000003,1529.09,3993.345,2555.94,5578.665,959549,963121,http://www.austinbeerworks.com
San Diego,California,United States,1381611,-0.0,34,Ballast Point Brewing Company,large,50.0,American IPA,2593,Grapefruit Sculpin,7.000000000000001,12.0,20.0,80.0,7.0,8.0,2.4,2.02,1.1,3.88,4.36,4.24,12.97,16.43,17.41,4.58,1.89,3.23,3.88,3.03,2.47,1.65,1.92,12.0,3.135,2.76,2.5,75.0,2.8,1.86,26.49,1.61,195.94,73.61,2575.5150000000003,2050.86,4301.52,3500.0,5821.655000000001,1385922,1385394,http://www.ballastpoint.com
Austin,Texas,United States,964177,0.0,140,Independence Brewing Company,regional,50.0,American Amber / Red Ale,2350,Oklahoma Suks,4.8,12.0,17.5,70.5,6.0,8.0,2.375,1.805,1.07,2.75,3.16,3.59,13.8,11.745,14.21,4.7,1.495,4.01,2.96,2.56,2.3,1.64,2.12,15.0,3.08,3.34,1.38,42.0,2.5,1.55,29.49,1.04,154.215,65.18,2165.9300000000003,1529.09,3993.345,2555.94,5578.665,959549,963121,http://www.independencebrewing.com
Austin,Texas,United States,964177,0.0,242,Infamous Brewing Company,micro,50.0,American IPA,2038,Infamous IPA,7.000000000000001,12.0,17.5,70.5,6.0,8.0,2.375,1.805,1.07,2.75,3.16,3.59,13.8,11.745,14.21,4.7,1.495,4.01,2.96,2.56,2.3,1.64,2.12,15.0,3.08,3.34,1.38,42.0,2.5,1.55,29.49,1.04,154.215,65.18,2165.9300000000003,1529.09,3993.345,2555.94,5578.665,959549,963121,http://www.infamousbrewing.com
Lincoln,Nebraska,United States,292657,0.0,380,Blue Blood Brewing Company,brewpub,22.0,American Pale Wheat Ale,1564,1800 Big Log Wheat (2012),5.0,12.0,18.0,61.3,3.75,5.5,1.82,1.375,1.05,2.4,2.87,2.96,12.24,10.41,12.18,3.33,1.55,2.93,3.82,2.2,2.2,1.69,1.93,13.0,2.03,2.33,1.25,20.0,2.5,1.18,26.0,1.02,98.32,68.235,975.0,912.5,1760.0,1551.0,3133.33,291114,291383,http://www.bluebloodbrewing.com
Jacksonville,Florida,United States,954614,0.0,378,Bold City Brewery,micro,21.0,American IPA,1569,Mad Manatee IPA,6.5,12.0,15.5,60.0,5.0,5.75,2.35,1.55,1.09,3.3,3.41,3.51,12.28,12.97,17.0,4.9,1.53,5.06,4.57,4.05,3.47,2.09,1.98,10.0,2.44,3.615,1.75,47.5,3.5,1.34,17.5,1.18,139.05,68.45,1441.18,1128.12,2116.25,1796.15,4580.33,949577,950463,http://www.boldcitybrewery.com
Jacksonville,Florida,United States,954614,0.0,466,Green Room Brewing,micro,21.0,American Pale Ale (APA),1106,Pablo Beach Pale Ale,5.0,12.0,15.5,60.0,5.0,5.75,2.35,1.55,1.09,3.3,3.41,3.51,12.28,12.97,17.0,4.9,1.53,5.06,4.57,4.05,3.47,2.09,1.98,10.0,2.44,3.615,1.75,47.5,3.5,1.34,17.5,1.18,139.05,68.45,1441.18,1128.12,2116.25,1796.15,4580.33,949577,950463,http://www.greenroombrewing.com
Duluth,Minnesota,United States,86372,-0.0,75,Bent Paddle Brewing Company,regional,10.0,American Black Ale,2496,Cold Press,6.0,12.0,15.0,50.0,4.5,7.0,2.58,1.5,1.14,3.67,4.04,3.5,11.02,12.86,14.88,7.85,2.2,7.72,11.02,5.87,5.14,2.33,2.23,12.0,,5.0,1.5,40.0,3.0,1.55,,1.06,147.81,75.0,1303.0,1133.33,2841.67,2639.67,2793.0,86645,86601,http://www.bentpaddlebrewing.com
Jacksonville,Florida,United States,954614,0.0,527,Intuition Ale Works,micro,21.0,American Blonde Ale,559,Jon Boat Coastal Ale,4.5,12.0,15.5,60.0,5.0,5.75,2.35,1.55,1.09,3.3,3.41,3.51,12.28,12.97,17.0,4.9,1.53,5.06,4.57,4.05,3.47,2.09,1.98,10.0,2.44,3.615,1.75,47.5,3.5,1.34,17.5,1.18,139.05,68.45,1441.18,1128.12,2116.25,1796.15,4580.33,949577,950463,http://www.intuitionaleworks.com
Madison,Wisconsin,United States,269196,0.0,73,Ale Asylum,regional,24.0,American Pale Ale (APA),2501,Hopalicious,5.7,12.0,14.0,75.0,5.0,6.0,1.93,1.19,0.88,3.9,5.4,3.13,10.69,15.5,15.43,3.45,1.18,3.1,2.98,2.59,2.06,1.46,2.33,11.0,2.39,3.09,2.0,65.0,3.5,1.68,49.5,1.07,117.83,66.0,1398.75,1083.5,2440.0,1879.17,3535.5,268414,268846,http://www.aleasylum.com
Tucson,Arizona,United States,543242,0.0,231,Borderlands Brewing Company,micro,19.0,American Porter,2062,Noche Dulce,7.1,16.0,15.0,55.0,5.0,6.0,2.2,1.53,0.86,3.05,3.795,4.12,10.54,11.54,16.48,3.93,1.4,3.86,3.83,2.54,2.17,1.54,1.72,15.0,2.46,5.29,1.62,37.5,2.75,1.4,35.0,1.11,241.89,69.815,1175.0,942.0,2125.0,1583.33,4063.33,541349,541859,http://www.borderlandsbrewing.com
Tucson,Arizona,United States,543242,0.0,251,Barrio Brewing Company,micro,19.0,American IPA,2005,Barrio Blanco,6.0,12.0,15.0,55.0,5.0,6.0,2.2,1.53,0.86,3.05,3.795,4.12,10.54,11.54,16.48,3.93,1.4,3.86,3.83,2.54,2.17,1.54,1.72,15.0,2.46,5.29,1.62,37.5,2.75,1.4,35.0,1.11,241.89,69.815,1175.0,942.0,2125.0,1583.33,4063.33,541349,541859,http://www.barriobrewing.co
Kansas City,Missouri,United States,508394,0.0,31,Boulevard Brewing Company,regional,25.0,American IPA,2596,Heavy Lifting,6.2,12.0,17.5,55.0,3.0,5.0,3.25,1.7,1.32,2.65,4.13,2.2,12.49,3.31,6.53,5.86,1.4,6.67,5.89,4.42,3.63,1.4,2.83,12.0,,3.0,,,4.5,2.33,15.0,1.1,204.69,75.83,1100.0,1125.0,1700.0,1750.0,2649.6,507969,507932,http://www.boulevard.com
Grand Rapids,Michigan,United States,197416,-0.0,10,Brewery Vivant,brewpub,29.0,Saison / Farmhouse Ale,2637,Belfort,6.7,16.0,15.0,60.0,4.5,6.5,2.28,1.78,0.83,2.77,5.085,3.73,13.435,10.45,15.66,5.96,1.43,5.62,5.08,2.695,2.415,1.82,2.705,12.0,3.93,3.03,1.75,35.0,6.0,1.86,12.0,1.24,117.145,62.38,1580.0,1220.0,2850.0,2075.0,5145.83,198487,198173,http://www.breweryvivant.com
Grand Rapids,Michigan,United States,197416,-0.0,15,Founders Brewing Company,regional,14.0,Scotch Ale / Wee Heavy,2625,Dirty Bastard,8.5,12.0,15.0,60.0,4.5,6.5,2.28,1.78,0.83,2.77,5.085,3.73,13.435,10.45,15.66,5.96,1.43,5.62,5.08,2.695,2.415,1.82,2.705,12.0,3.93,3.03,1.75,35.0,6.0,1.86,12.0,1.24,117.145,62.38,1580.0,1220.0,2850.0,2075.0,5145.83,198487,198173,
Grand Rapids,Michigan,United States,197416,-0.0,9,The Mitten Brewing Company,brewpub,29.0,American Pale Ale (APA),2638,G. B. Russo’s Italian Pistachio Pale Ale,5.2,16.0,15.0,60.0,4.5,6.5,2.28,1.78,0.83,2.77,5.085,3.73,13.435,10.45,15.66,5.96,1.43,5.62,5.08,2.695,2.415,1.82,2.705,12.0,3.93,3.03,1.75,35.0,6.0,1.86,12.0,1.24,117.145,62.38,1580.0,1220.0,2850.0,2075.0,5145.83,198487,198173,http://www.mittenbrewing.com
Atlanta,Georgia,United States,496461,-1.0,49,SweetWater Brewing Company,regional,23.0,German Pilsener,2568,Take Two Pils,5.5,12.0,15.0,65.0,6.0,6.375,2.06,1.66,0.88,2.67,4.49,2.86,12.575,10.83,13.32,5.005,1.585,5.215,4.355,3.09,2.41,1.715,1.97,10.0,2.95,3.61,2.5,95.0,2.62,2.17,24.0,1.01,213.22,73.7,1883.81,1540.8,3275.0,2203.08,4878.17,498602,499586,http://www.sweetwaterbrew.com
Atlanta,Georgia,United States,496461,-1.0,216,Orpheus Brewing,micro,23.0,Saison / Farmhouse Ale,2113,Lyric Ale,6.5,12.0,15.0,65.0,6.0,6.375,2.06,1.66,0.88,2.67,4.49,2.86,12.575,10.83,13.32,5.005,1.585,5.215,4.355,3.09,2.41,1.715,1.97,10.0,2.95,3.61,2.5,95.0,2.62,2.17,24.0,1.01,213.22,73.7,1883.81,1540.8,3275.0,2203.08,4878.17,498602,499586,http://www.orpheusbrewing.com
Cleveland,Ohio,United States,367991,-1.0,147,Platform Beer Company,regional,33.0,American Pilsner,2336,New Cleveland Palesner,5.0,12.0,12.0,70.5,5.75,6.99,1.83,1.735,0.98,2.99,4.24,2.94,10.74,16.53,21.52,4.72,1.46,2.49,5.97,3.98,4.35,2.18,2.27,15.0,2.73,4.37,2.5,95.0,4.0,1.39,35.0,1.13,191.73,69.44,1505.56,981.2,2600.0,1670.0,4435.33,373091,372032,http://platformbeer.co
Boulder,Colorado,United States,104175,-1.0,51,Upslope Brewing Company,planning,28.0,Quadrupel (Quad),2565,Lee Hill Series Vol. 5 - Belgian Style Quadrupel Ale,12.8,19.2,28.5,90.0,7.125,8.0,3.25,2.11,1.13,4.33,3.7,5.23,17.09,27.78,17.84,4.6,2.25,4.96,2.28,2.01,2.23,2.36,2.55,15.0,3.43,3.0,2.5,145.0,2.5,1.4,,1.28,151.71,77.86,2466.67,1975.0,4166.67,3150.0,5177.78,105414,105262,
Norfolk,Virginia,United States,235089,-1.0,115,Smartmouth Brewing Company,micro,10.0,American IPA,2407,Rule G IPA,7.000000000000001,12.0,17.0,80.0,6.0,5.5,2.37,1.48,1.13,3.44,4.22,3.0,9.7,10.57,18.37,4.19,1.57,4.105,4.57,1.98,2.05,1.68,1.83,14.0,2.86,2.12,2.75,80.0,3.0,1.49,18.0,1.06,148.98,71.435,1450.0,1316.67,2000.0,1400.0,5289.25,238005,237591,http://www.smartmouthbrewing.com
Houston,Texas,United States,2288250,-1.0,125,Karbach Brewing Company,large,40.0,Hefeweizen,2374,Weisse Versa (2012),5.2,12.0,16.5,75.0,5.404999999999999,6.0,2.2300000000000004,1.74,0.95,3.02,3.3099999999999996,3.15,11.94,9.11,14.16,4.445,1.245,3.28,3.19,2.21,2.19,1.5750000000000002,2.1,12.0,2.87,3.3,1.25,40.0,2.95,3.1,30.0,1.03,169.175,73.91,1590.76,1246.59,2941.19,1941.97,5074.35,2302792,2300027,https://www.karbachbrewing.com/
Boulder,Colorado,United States,104175,-1.0,520,Twisted Pine Brewing Company,brewpub,28.0,American IPA,641,Hoppy Boy,6.2,16.0,28.5,90.0,7.125,8.0,3.25,2.11,1.13,4.33,3.7,5.23,17.09,27.78,17.84,4.6,2.25,4.96,2.28,2.01,2.23,2.36,2.55,15.0,3.43,3.0,2.5,145.0,2.5,1.4,,1.28,151.71,77.86,2466.67,1975.0,4166.67,3150.0,5177.78,105414,105262,http://www.twistedpinebrewing.com
Baltimore,Maryland,United States,576498,-1.0,255,Stillwater Artisanal Ales,contract,21.0,American Black Ale,1983,Brontide,5.0,12.0,14.5,65.0,5.5,8.0,2.28,1.69,0.81,4.08,3.92,3.0,11.01,15.26,17.84,4.67,1.46,5.91,4.74,2.76,3.22,1.82,2.54,13.5,2.77,2.65,1.9,74.0,4.0,2.49,30.0,1.06,151.06,76.62,1559.96,1350.0,3225.0,2350.0,5188.03,585708,583132,
Baltimore,Maryland,United States,576498,-1.0,71,Union Craft Brewing,micro,21.0,American Double / Imperial IPA,2507,Double Duckpin,8.5,12.0,14.5,65.0,5.5,8.0,2.28,1.69,0.81,4.08,3.92,3.0,11.01,15.26,17.84,4.67,1.46,5.91,4.74,2.76,3.22,1.82,2.54,13.5,2.77,2.65,1.9,74.0,4.0,2.49,30.0,1.06,151.06,76.62,1559.96,1350.0,3225.0,2350.0,5188.03,585708,583132,http://www.unioncraftbrewing.com
Boulder,Colorado,United States,104175,-1.0,419,Sanitas Brewing Company,micro,28.0,Saison / Farmhouse Ale,1392,Sanitas Saison Ale,5.79999999999999,12.0,28.5,90.0,7.125,8.0,3.25,2.11,1.13,4.33,3.7,5.23,17.09,27.78,17.84,4.6,2.25,4.96,2.28,2.01,2.23,2.36,2.55,15.0,3.43,3.0,2.5,145.0,2.5,1.4,,1.28,151.71,77.86,2466.67,1975.0,4166.67,3150.0,5177.78,105414,105262,http://www.sanitasbrewing.com/
Boulder,Colorado,United States,104175,-1.0,472,Crystal Springs Brewing Company,micro,24.0,American Amber / Red Ale,1057,South Ridge Amber Ale,6.0,16.0,28.5,90.0,7.125,8.0,3.25,2.11,1.13,4.33,3.7,5.23,17.09,27.78,17.84,4.6,2.25,4.96,2.28,2.01,2.23,2.36,2.55,15.0,3.43,3.0,2.5,145.0,2.5,1.4,,1.28,151.71,77.86,2466.67,1975.0,4166.67,3150.0,5177.78,105414,105262,http://www.crystalspringsbrewing.com
Evansville,Indiana,United States,116486,-1.0,17,Tin Man Brewing Company,micro,4.0,American Porter,2623,Cafe Leche,5.79999999999999,16.0,15.5,50.0,4.0,4.5,2.0,1.5,0.57,2.31,4.5,1.88,8.81,8.81,12.11,4.11,1.45,5.87,5.14,3.27,3.31,3.33,1.92,12.5,3.04,3.92,,25.0,3.0,1.515,20.5,1.04,241.52,58.75,925.0,725.0,1500.0,1050.0,2180.67,117298,117258,http://www.tinmanbrewing.com
Baton Rouge,Louisiana,United States,222185,-1.0,152,Tin Roof Brewing Company,micro,3.0,American Blonde Ale,2321,Turnrow Harvest Ale,5.5,12.0,19.0,75.0,3.0,4.6850000000000005,1.95,1.515,1.05,3.09,3.43,2.67,12.15,11.26,15.145,6.135,1.315,2.975,3.74,2.065,3.31,2.03,1.99,17.5,3.37,3.325,1.75,56.0,4.0,1.24,30.0,1.05,134.22,54.0,1300.0,966.67,2166.67,1700.0,3566.67,225128,224480,http://www.tinroofbeer.com
Boulder,Colorado,United States,104175,-1.0,37,Avery Brewing Company,regional,28.0,American Double / Imperial IPA,2589,Raja,8.0,12.0,28.5,90.0,7.125,8.0,3.25,2.11,1.13,4.33,3.7,5.23,17.09,27.78,17.84,4.6,2.25,4.96,2.28,2.01,2.23,2.36,2.55,15.0,3.43,3.0,2.5,145.0,2.5,1.4,,1.28,151.71,77.86,2466.67,1975.0,4166.67,3150.0,5177.78,105414,105262,
Boulder,Colorado,United States,104175,-1.0,429,Asher Brewing Company,micro,28.0,American IPA,1322,Green Bullet Organic India Pale Ale,7.000000000000001,16.0,28.5,90.0,7.125,8.0,3.25,2.11,1.13,4.33,3.7,5.23,17.09,27.78,17.84,4.6,2.25,4.96,2.28,2.01,2.23,2.36,2.55,15.0,3.43,3.0,2.5,145.0,2.5,1.4,,1.28,151.71,77.86,2466.67,1975.0,4166.67,3150.0,5177.78,105414,105262,http://asherbrewing.com
Kent,Washington,United States,134835,-1.0,367,Airways Brewing Company,micro,7.0,American Stout,1594,Maylani's Coconut Stout,5.3,16.0,13.0,57.5,5.0,7.0,1.25,1.0,0.79,,2.51,,11.0,,,3.28,1.09,2.85,5.49,3.62,3.06,1.84,1.62,15.0,,,1.0,40.0,,,,,,74.5,700.0,600.0,1300.0,1200.0,3000.0,136750,136628,http://www.airwaysbrewing.com
Gary,Indiana,United States,68325,-1.0,177,18th Street Brewery,micro,1.0,American Pale Ale (APA),2265,Devil's Cup,6.6000000000000005,12.0,30.0,75.0,2.5,4.0,1.79,1.79,,,,,,,,,,,,,,,1.0,,2.14,,,,,,,,150.0,50.0,,,,,,68982,68853,http://www.18thstreetbrewery.com
Memphis,Tennessee,United States,628127,-1.0,239,Wiseacre Brewing Company,micro,12.0,Saison / Farmhouse Ale,2047,Tarasque,5.8999999999999995,12.0,15.5,60.0,6.0,6.0,1.87,1.3849999999999998,0.99,2.33,3.29,2.97,9.3,7.53,15.01,4.14,1.565,4.12,4.47,2.39,2.16,1.65,1.59,14.0,2.85,2.6,1.75,42.5,2.0,1.86,20.0,1.08,184.3,72.285,1408.33,983.33,2337.5,1587.5,4647.22,632207,631326,http://www.wiseacrebrew.com
Ann Arbor,Michigan,United States,121536,-1.0,402,Wolverine State Brewing Company,brewpub,11.0,American Pale Lager,1468,Wolverine Premium Lager,4.7,12.0,15.0,80.0,5.0,6.0,2.54,2.11,0.88,2.57,4.41,2.67,14.99,12.13,11.02,6.0,1.62,5.22,4.76,3.23,3.06,1.76,2.0,13.99,2.62,2.75,1.62,58.0,3.25,1.86,24.0,1.17,158.94,65.94,1800.0,1320.0,3900.0,2427.5,3710.25,122830,122531,http://www.wolverinebeer.com
Boulder,Colorado,United States,104175,-1.0,417,Boulder Beer Company,regional,28.0,American Pale Ale (APA),1395,Hazed & Infused,4.9,12.0,28.5,90.0,7.125,8.0,3.25,2.11,1.13,4.33,3.7,5.23,17.09,27.78,17.84,4.6,2.25,4.96,2.28,2.01,2.23,2.36,2.55,15.0,3.43,3.0,2.5,145.0,2.5,1.4,,1.28,151.71,77.86,2466.67,1975.0,4166.67,3150.0,5177.78,105414,105262,
Erie,Pennsylvania,United States,93999,-1.0,345,Lavery Brewing Company,micro,9.0,American IPA,1675,Madra Allta,6.4,12.0,15.0,47.5,4.0,5.0,2.0,1.39,1.1,3.47,4.78,2.99,18.93,16.53,14.62,3.88,1.5,8.27,5.25,4.62,4.06,1.55,1.57,16.5,3.21,4.04,1.5,26.5,3.62,1.52,23.5,1.21,216.69,73.92,913.0,775.0,950.0,875.0,2596.0,94823,94639,http://www.laverybrewing.com
Milwaukee,Wisconsin,United States,569330,-1.0,284,Milwaukee Brewing Company,micro,29.0,American Double / Imperial IPA,1884,Hop Freak,8.7,16.0,15.0,50.0,4.75,6.0,2.28,1.94,0.8,2.55,3.955,2.75,8.655000000000001,7.71,13.83,5.285,1.33,4.77,3.66,2.39,2.16,1.78,1.475,11.5,2.23,2.76,2.5,52.5,2.75,1.55,21.0,1.06,202.91,62.08,1436.88,893.75,2156.86,1485.71,5043.75,577235,576301,http://www.mkebrewing.com
Davenport,Iowa,United States,101009,-1.0,365,Great River Brewery,micro,4.0,Fruit / Vegetable Beer,1604,Chickawawa Lemonale,5.0,12.0,12.75,50.0,5.5,6.0,1.85,1.0,0.945,1.65,5.63,2.9850000000000003,11.985,8.8,11.0,5.880000000000001,1.56,3.85,5.045,3.41,3.775,1.81,2.01,14.19,1.945,3.1950000000000003,1.0,,3.875,2.11,30.0,1.185,125.0,62.165,950.0,650.0,1475.0,1000.0,2923.0,101728,101584,http://www.greatriverbrewery.com
Dallas,Texas,United States,1288457,-1.0,127,Deep Ellum Brewing Company,regional,24.0,Euro Pale Lager,2371,Neato Bandito,6.0,12.0,20.0,75.0,5.0,7.0,2.27,1.515,0.89,3.19,4.125,3.0,10.305,13.17,16.23,4.77,1.975,4.68,4.18,3.55,2.9,1.76,2.27,12.0,3.1,4.08,2.625,96.0,2.8,1.12,25.5,1.14,168.615,69.3,1799.71,1416.26,3498.93,2434.73,5459.79,1304442,1303234,http://www.deepellumbrewing.com
Dallas,Texas,United States,1288457,-1.0,287,Four Corners Brewing Company,micro,24.0,American IPA,1874,El Chingon IPA,7.6,12.0,20.0,75.0,5.0,7.0,2.27,1.515,0.89,3.19,4.125,3.0,10.305,13.17,16.23,4.77,1.975,4.68,4.18,3.55,2.9,1.76,2.27,12.0,3.1,4.08,2.625,96.0,2.8,1.12,25.5,1.14,168.615,69.3,1799.71,1416.26,3498.93,2434.73,5459.79,1304442,1303234,http://www.fcbrewing.com
Boynton Beach,Florida,United States,80089,-1.0,340,Due South Brewing Company,micro,4.0,American IPA,1685,Category 3 IPA,6.1,12.0,18.0,47.5,5.0,6.0,2.04,1.5,1.0,2.2,4.41,2.69,11.86,4.41,11.33,7.55,1.77,4.05,5.64,3.12,3.92,2.1,2.25,11.99,1.79,2.32,2.0,40.0,3.5,1.49,21.5,1.15,144.17,65.41499999999999,1800.0,1500.0,2500.0,,4169.0,80401,80631,http://www.duesouthales.com
Denver,Colorado,United States,711463,-1.0,6,Great Divide Brewing Company,regional,50.0,American Pale Ale (APA),2650,Denver Pale Ale (Artist Series No. 1),5.0,12.0,18.0,73.75,6.0,7.0,2.5700000000000003,2.03,1.03,4.02,5.015000000000001,3.17,12.78,14.49,15.76,5.285,1.57,4.65,4.96,2.515,2.785,1.755,2.1399999999999997,16.74,2.765,3.3899999999999997,3.0,114.0,3.0,1.4,26.25,1.15,156.31,73.63,1893.0,1601.38,3436.84,2571.58,5565.78,715522,717630,http://www.greatdivide.com
Denver,Colorado,United States,711463,-1.0,263,Denver Beer Company,micro,50.0,American IPA,1944,Incredible Pedal IPA,7.000000000000001,12.0,18.0,73.75,6.0,7.0,2.5700000000000003,2.03,1.03,4.02,5.015000000000001,3.17,12.78,14.49,15.76,5.285,1.57,4.65,4.96,2.515,2.785,1.755,2.1399999999999997,16.74,2.765,3.3899999999999997,3.0,114.0,3.0,1.4,26.25,1.15,156.31,73.63,1893.0,1601.38,3436.84,2571.58,5565.78,715522,717630,http://www.denverbeerco.com
Seattle,Washington,United States,733919,-1.0,460,Fremont Brewing Company,regional,50.0,American IPA,1174,77 Fremont Select Spring Session IPA,4.0,12.0,20.0,100.0,7.0,8.0,2.48,1.93,1.12,4.2,5.0649999999999995,3.54,17.195,14.815,17.41,5.92,2.6950000000000003,5.265000000000001,6.605,3.255,3.27,2.4,1.95,15.0,3.1799999999999997,3.29,2.75,99.75,4.5,1.68,30.0,1.4,222.08,70.705,2283.385,1835.68,4151.645,3057.1549999999997,6292.34,735157,738172,http://www.fremontbrewing.com
Denver,Colorado,United States,711463,-1.0,294,Black Shirt Brewing Company,brewpub,50.0,American Strong Ale,1850,American India Red Ale,7.1,12.0,18.0,73.75,6.0,7.0,2.5700000000000003,2.03,1.03,4.02,5.015000000000001,3.17,12.78,14.49,15.76,5.285,1.57,4.65,4.96,2.515,2.785,1.755,2.1399999999999997,16.74,2.765,3.3899999999999997,3.0,114.0,3.0,1.4,26.25,1.15,156.31,73.63,1893.0,1601.38,3436.84,2571.58,5565.78,715522,717630,http://www.blackshirtbrewingco.com
Los Angeles,California,United States,3849297,-1.0,240,Golden Road Brewing,large,24.0,American Pale Lager,2045,Might As Well IPL,7.199999999999999,16.0,20.0,87.84,7.75,8.0,2.7,2.29,1.14,3.8,5.64,3.84,12.565,11.58,17.93,4.12,1.77,3.475,4.18,2.74,2.21,1.79,1.995,12.0,2.56,2.95,1.75,99.5,4.0,1.71,29.19,1.59,140.37,67.95,2547.88,1962.83,4649.549999999999,3599.83,5448.42,3893986,3889834,http://www.goldenroad.la
Birmingham,Alabama,United States,197575,-1.0,478,Good People Brewing Company,micro,10.0,American Pale Ale (APA),1000,Good People Pale Ale,5.59999999999999,12.0,15.5,60.0,5.5,7.99,2.38,1.71,1.05,3.79,3.75,3.98,8.84,13.48,12.12,6.55,1.58,6.62,5.15,6.0,4.63,1.92,2.32,13.0,3.04,2.72,1.38,55.0,4.5,1.24,39.5,1.17,213.78,69.43,1300.0,953.75,2140.0,1775.0,2929.9,200763,200133,http://www.goodpeoplebrewing.com
Des Moines,Iowa,United States,212031,-1.0,482,Confluence Brewing Company,micro,10.0,American IPA,970,Des Moines IPA,6.800000000000001,16.0,15.5,60.0,3.0,6.0,2.17,1.29,1.06,2.4,2.99,2.12,13.1,8.82,12.18,4.46,1.41,2.93,4.98,1.79,2.26,1.71,1.71,12.5,2.03,2.33,1.75,48.0,2.5,1.3,25.0,1.02,161.45,68.235,1006.33,800.0,1500.0,1120.0,3232.0,214137,213699,http://www.confluencebrewing.com
Minneapolis,Minnesota,United States,425336,-1.0,277,Indeed Brewing Company,regional,38.0,American IPA,1903,Let It Ride IPA,6.800000000000001,12.0,19.0,66.94,6.0,6.0,2.01,1.83,0.89,3.2,4.835,3.1799999999999997,9.925,9.79,14.25,6.1899999999999995,1.84,5.12,4.949999999999999,2.6,2.825,1.76,1.95,13.75,2.34,2.79,2.5,85.0,3.75,1.55,30.0,1.085,143.685,59.87,1490.56,1121.1950000000002,3309.8199999999997,2250.895,4900.77,428403,429014,http://www.indeedbrewing.com
Minneapolis,Minnesota,United States,425336,-1.0,258,Bauhaus Brew Labs,micro,38.0,California Common / Steam Beer,1966,Wagon Party,5.4,12.0,19.0,66.94,6.0,6.0,2.01,1.83,0.89,3.2,4.835,3.1799999999999997,9.925,9.79,14.25,6.1899999999999995,1.84,5.12,4.949999999999999,2.6,2.825,1.76,1.95,13.75,2.34,2.79,2.5,85.0,3.75,1.55,30.0,1.085,143.685,59.87,1490.56,1121.1950000000002,3309.8199999999997,2250.895,4900.77,428403,429014,http://bauhausbrewlabs.com
Pittsburgh,Pennsylvania,United States,300431,-1.0,297,Hop Farm Brewing Company,micro,26.0,Saison / Farmhouse Ale,1835,Provision,4.2,12.0,15.0,60.0,4.0,6.0,2.18,1.59,1.11,2.95,4.17,3.31,15.35,13.44,15.71,5.71,1.62,7.47,6.69,3.81,4.21,2.25,1.85,15.5,2.93,4.14,2.75,97.5,4.5,1.24,20.5,1.24,199.445,67.25999999999999,1454.92,1001.79,2412.5,1718.18,4143.72,303160,302777,
Houston,Texas,United States,2288250,-1.0,214,Buffalo Bayou Brewing Company,micro,40.0,American Blonde Ale,2125,1836,6.0,12.0,16.5,75.0,5.404999999999999,6.0,2.2300000000000004,1.74,0.95,3.02,3.3099999999999996,3.15,11.94,9.11,14.16,4.445,1.245,3.28,3.19,2.21,2.19,1.5750000000000002,2.1,12.0,2.87,3.3,1.25,40.0,2.95,3.1,30.0,1.03,169.175,73.91,1590.76,1246.59,2941.19,1941.97,5074.35,2302792,2300027,http://www.buffbrew.com
Chicago,Illinois,United States,2696555,-2.0,327,Half Acre Beer Company,regional,50.0,American IPA,1753,Heyoka IPA,7.000000000000001,16.0,20.0,80.0,5.75,6.5,2.29,1.99,0.84,3.18,3.73,2.98,12.21,10.47,16.15,5.15,1.58,3.15,3.78,1.87,2.08,1.66,2.04,13.99,2.75,3.69,2.5,85.0,3.5,2.11,30.0,1.39,163.78,63.245000000000005,1969.12,1444.715,3941.99,2450.0,4816.985,2747231,2741730,http://www.halfacrebeer.com
Jackson,Mississippi,United States,149761,-2.0,245,Lucky Town Brewing Company,micro,34.0,English Dark Mild Ale,2033,Pub Ale,3.8,12.0,14.0,45.0,7.0,5.0,2.0,1.33,0.86,2.34,3.85,1.6,12.84,8.8,8.82,8.81,1.63,3.12,6.21,1.9,2.1,1.25,2.83,12.5,1.43,3.67,1.5,42.0,3.0,2.17,,1.1,265.67,74.8,763.33,700.0,950.0,850.0,2405.0,153643,152846,http://www.luckytownbrewing.com
Portland,Oregon,United States,641162,-2.0,80,Hopworks Urban Brewery,micro,50.0,Cider,2483,Hard Cider,6.800000000000001,16.0,16.375,75.0,6.0,7.0,2.435,2.0599999999999996,0.94,3.36,5.85,3.68,14.185,12.26,17.54,5.744999999999999,1.92,5.16,5.75,2.2,2.24,2.05,2.04,14.0,2.61,3.32,2.5,100.0,3.5,1.55,38.0,1.4049999999999998,206.89,72.97,1760.26,1430.035,3242.64,2461.73,4599.72,652089,652388,http://www.hopworksbeer.com
Portland,Oregon,United States,641162,-2.0,418,Coalition Brewing Company,closed,50.0,American Black Ale,1393,Cascadian Dark Ale,6.0,12.0,16.375,75.0,6.0,7.0,2.435,2.0599999999999996,0.94,3.36,5.85,3.68,14.185,12.26,17.54,5.744999999999999,1.92,5.16,5.75,2.2,2.24,2.05,2.04,14.0,2.61,3.32,2.5,100.0,3.5,1.55,38.0,1.4049999999999998,206.89,72.97,1760.26,1430.035,3242.64,2461.73,4599.72,652089,652388,http://www.coalitionbrewing.com
Portland,Oregon,United States,641162,-2.0,197,Burnside Brewing Co.,micro,50.0,American Pale Lager,2196,Couch Select Lager,5.0,12.0,16.375,75.0,6.0,7.0,2.435,2.0599999999999996,0.94,3.36,5.85,3.68,14.185,12.26,17.54,5.744999999999999,1.92,5.16,5.75,2.2,2.24,2.05,2.04,14.0,2.61,3.32,2.5,100.0,3.5,1.55,38.0,1.4049999999999998,206.89,72.97,1760.26,1430.035,3242.64,2461.73,4599.72,652089,652388,http://www.burnsidebrewco.com
Portland,Oregon,United States,641162,-2.0,195,Breakside Brewery,brewpub,50.0,Kölsch,2204,Post Time Kölsch,5.0,16.0,16.375,75.0,6.0,7.0,2.435,2.0599999999999996,0.94,3.36,5.85,3.68,14.185,12.26,17.54,5.744999999999999,1.92,5.16,5.75,2.2,2.24,2.05,2.04,14.0,2.61,3.32,2.5,100.0,3.5,1.55,38.0,1.4049999999999998,206.89,72.97,1760.26,1430.035,3242.64,2461.73,4599.72,652089,652388,http://www.breakside.com
Portland,Oregon,United States,641162,-2.0,116,Base Camp Brewing Co.,micro,50.0,American Pilsner,2404,Hop in the ‘Pool Helles,4.9,12.0,16.375,75.0,6.0,7.0,2.435,2.0599999999999996,0.94,3.36,5.85,3.68,14.185,12.26,17.54,5.744999999999999,1.92,5.16,5.75,2.2,2.24,2.05,2.04,14.0,2.61,3.32,2.5,100.0,3.5,1.55,38.0,1.4049999999999998,206.89,72.97,1760.26,1430.035,3242.64,2461.73,4599.72,652089,652388,http://www.basecampbrewingco.com
Shreveport,Louisiana,United States,184021,-2.0,269,Great Raft Brewing Company,micro,2.0,American Pale Ale (APA),1923,Commotion APA,5.2,12.0,15.0,68.75,3.5,4.5,2.5,1.57,1.0750000000000002,2.67,2.0999999999999996,2.405,7.72,7.51,13.7,2.98,2.0,2.2,2.2,2.185,1.965,1.48,1.515,8.5,2.855,3.0,,40.0,5.0,1.24,10.0,1.1,187.11,68.66,750.0,600.0,900.0,750.0,2300.8,187993,187338,http://www.greatraftbrewing.com
Washington,District of Columbia,United States,670050,-3.0,227,DC Brau Brewing Company,regional,22.0,Scotch Ale / Wee Heavy,2078,Stone of Arbroath,8.0,12.0,18.75,81.25,7.25,8.0,2.47,2.12,1.01,3.24,4.5,3.48,13.85,11.91,16.56,5.52,1.955,5.53,6.28,3.385,3.06,2.31,2.165,15.0,2.99,3.76,2.75,102.0,5.0,1.34,35.0,1.24,158.345,57.255,2307.11,1882.14,4600.0,3150.0,5907.32,689545,690093,http://www.dcbrau.com
Boston,Massachusetts,United States,654776,-3.0,300,Boston Beer Company,micro,11.0,Radler,1830,Porch Rocker,4.5,12.0,20.0,97.5,7.0,8.0,2.34,2.085,1.09,3.87,4.095000000000001,3.47,16.424999999999997,13.025,16.21,4.78,1.515,4.92,5.765000000000001,2.655,3.1950000000000003,2.195,2.12,15.75,2.0700000000000003,3.415,2.4,90.0,3.0,1.86,24.0,1.235,180.475,60.565,2703.645,1959.19,4993.325,3348.535,5291.66,676216,674272,
Boston,Massachusetts,United States,654776,-3.0,234,Harpoon Brewery,regional,11.0,Herbed / Spiced Beer,2059,UFO Gingerland,5.2,12.0,20.0,97.5,7.0,8.0,2.34,2.085,1.09,3.87,4.095000000000001,3.47,16.424999999999997,13.025,16.21,4.78,1.515,4.92,5.765000000000001,2.655,3.1950000000000003,2.195,2.12,15.75,2.0700000000000003,3.415,2.4,90.0,3.0,1.86,24.0,1.235,180.475,60.565,2703.645,1959.19,4993.325,3348.535,5291.66,676216,674272,http://www.harpoonbrewery.com
